date,store_id,category,sales_amount
2024-01-01,1,Produce,1999
2024-01-01,1,Dairy,1750
2024-01-01,1,Meat,2326
2024-01-01,1,Packaged,2896
2024-01-01,2,Produce,1519
2024-01-01,2,Dairy,1323
2024-01-01,2,Meat,1817
2024-01-01,2,Packaged,3251
2024-01-01,3,Produce,1716
2024-01-01,3,Dairy,2012
2024-01-01,3,Meat,4216
2024-01-01,3,Packaged,4250
2024-01-01,4,Produce,2001
2024-01-01,4,Dairy,1460
2024-01-01,4,Meat,2472
2024-01-01,4,Packaged,3518
2024-01-01,5,Produce,1647
2024-01-01,5,Dairy,2412
2024-01-01,5,Meat,4368
2024-01-01,5,Packaged,4190
2024-01-01,6,Produce,976
2024-01-01,6,Dairy,721
2024-01-01,6,Meat,1657
2024-01-01,6,Packaged,1843
2024-01-01,7,Produce,2082
2024-01-01,7,Dairy,1478
2024-01-01,7,Meat,1748
2024-01-01,7,Packaged,4926
2024-01-01,8,Produce,952
2024-01-01,8,Dairy,1761
2024-01-01,8,Meat,3006
2024-01-01,8,Packaged,2618
2024-01-02,1,Produce,897
2024-01-02,1,Dairy,991
2024-01-02,1,Meat,1889
2024-01-02,1,Packaged,1405
2024-01-02,2,Produce,1583
2024-01-02,2,Dairy,690
2024-01-02,2,Meat,1635
2024-01-02,2,Packaged,2566
2024-01-02,3,Produce,2382
2024-01-02,3,Dairy,1940
2024-01-02,3,Meat,2240
2024-01-02,3,Packaged,4021
2024-01-02,4,Produce,1962
2024-01-02,4,Dairy,1418
2024-01-02,4,Meat,1599
2024-01-02,4,Packaged,2937
2024-01-02,5,Produce,2084
2024-01-02,5,Dairy,1922
2024-01-02,5,Meat,1339
2024-01-02,5,Packaged,3462
2024-01-02,6,Produce,1199
2024-01-02,6,Dairy,899
2024-01-02,6,Meat,827
2024-01-02,6,Packaged,1941
2024-01-02,7,Produce,1127
2024-01-02,7,Dairy,1940
2024-01-02,7,Meat,2583
2024-01-02,7,Packaged,3261
2024-01-02,8,Produce,2023
2024-01-02,8,Dairy,1480
2024-01-02,8,Meat,2390
2024-01-02,8,Packaged,2020
2024-01-03,1,Produce,1493
2024-01-03,1,Dairy,658
2024-01-03,1,Meat,1867
2024-01-03,1,Packaged,1692
2024-01-03,2,Produce,1543
2024-01-03,2,Dairy,681
2024-01-03,2,Meat,2108
2024-01-03,2,Packaged,1704
2024-01-03,3,Produce,2484
2024-01-03,3,Dairy,1480
2024-01-03,3,Meat,2795
2024-01-03,3,Packaged,3896
2024-01-03,4,Produce,1500
2024-01-03,4,Dairy,1012
2024-01-03,4,Meat,2225
2024-01-03,4,Packaged,2248
2024-01-03,5,Produce,1285
2024-01-03,5,Dairy,1136
2024-01-03,5,Meat,2468
2024-01-03,5,Packaged,4676
2024-01-03,6,Produce,1315
2024-01-03,6,Dairy,752
2024-01-03,6,Meat,780
2024-01-03,6,Packaged,2099
2024-01-03,7,Produce,2213
2024-01-03,7,Dairy,780
2024-01-03,7,Meat,2917
2024-01-03,7,Packaged,2294
2024-01-03,8,Produce,1551
2024-01-03,8,Dairy,553
2024-01-03,8,Meat,1205
2024-01-03,8,Packaged,2732
2024-01-04,1,Produce,1367
2024-01-04,1,Dairy,1573
2024-01-04,1,Meat,2382
2024-01-04,1,Packaged,3133
2024-01-04,2,Produce,639
2024-01-04,2,Dairy,1223
2024-01-04,2,Meat,2075
2024-01-04,2,Packaged,2243
2024-01-04,3,Produce,2730
2024-01-04,3,Dairy,1468
2024-01-04,3,Meat,1229
2024-01-04,3,Packaged,2608
2024-01-04,4,Produce,1516
2024-01-04,4,Dairy,1044
2024-01-04,4,Meat,1746
2024-01-04,4,Packaged,1994
2024-01-04,5,Produce,2422
2024-01-04,5,Dairy,1477
2024-01-04,5,Meat,3407
2024-01-04,5,Packaged,4830
2024-01-04,6,Produce,523
2024-01-04,6,Dairy,1029
2024-01-04,6,Meat,1038
2024-01-04,6,Packaged,2105
2024-01-04,7,Produce,1149
2024-01-04,7,Dairy,858
2024-01-04,7,Meat,1418
2024-01-04,7,Packaged,3054
2024-01-04,8,Produce,1962
2024-01-04,8,Dairy,1199
2024-01-04,8,Meat,1541
2024-01-04,8,Packaged,2944
2024-01-05,1,Produce,1500
2024-01-05,1,Dairy,1554
2024-01-05,1,Meat,927
2024-01-05,1,Packaged,3528
2024-01-05,2,Produce,1196
2024-01-05,2,Dairy,1027
2024-01-05,2,Meat,2114
2024-01-05,2,Packaged,2734
2024-01-05,3,Produce,2793
2024-01-05,3,Dairy,1368
2024-01-05,3,Meat,2508
2024-01-05,3,Packaged,4552
2024-01-05,4,Produce,1255
2024-01-05,4,Dairy,718
2024-01-05,4,Meat,2394
2024-01-05,4,Packaged,2563
2024-01-05,5,Produce,2949
2024-01-05,5,Dairy,862
2024-01-05,5,Meat,3724
2024-01-05,5,Packaged,2850
2024-01-05,6,Produce,647
2024-01-05,6,Dairy,984
2024-01-05,6,Meat,1190
2024-01-05,6,Packaged,1114
2024-01-05,7,Produce,1037
2024-01-05,7,Dairy,1572
2024-01-05,7,Meat,1742
2024-01-05,7,Packaged,1654
2024-01-05,8,Produce,1596
2024-01-05,8,Dairy,923
2024-01-05,8,Meat,1455
2024-01-05,8,Packaged,2579
2024-01-06,1,Produce,2029
2024-01-06,1,Dairy,646
2024-01-06,1,Meat,1114
2024-01-06,1,Packaged,1754
2024-01-06,2,Produce,1522
2024-01-06,2,Dairy,478
2024-01-06,2,Meat,951
2024-01-06,2,Packaged,2059
2024-01-06,3,Produce,2435
2024-01-06,3,Dairy,1663
2024-01-06,3,Meat,2578
2024-01-06,3,Packaged,3604
2024-01-06,4,Produce,1796
2024-01-06,4,Dairy,1280
2024-01-06,4,Meat,2568
2024-01-06,4,Packaged,1507
2024-01-06,5,Produce,2950
2024-01-06,5,Dairy,1376
2024-01-06,5,Meat,1484
2024-01-06,5,Packaged,4809
2024-01-06,6,Produce,1236
2024-01-06,6,Dairy,563
2024-01-06,6,Meat,1896
2024-01-06,6,Packaged,2048
2024-01-06,7,Produce,1431
2024-01-06,7,Dairy,1890
2024-01-06,7,Meat,3218
2024-01-06,7,Packaged,3882
2024-01-06,8,Produce,1488
2024-01-06,8,Dairy,688
2024-01-06,8,Meat,2867
2024-01-06,8,Packaged,2901
2024-01-07,1,Produce,2122
2024-01-07,1,Dairy,772
2024-01-07,1,Meat,2576
2024-01-07,1,Packaged,3252
2024-01-07,2,Produce,884
2024-01-07,2,Dairy,1102
2024-01-07,2,Meat,2127
2024-01-07,2,Packaged,2057
2024-01-07,3,Produce,1548
2024-01-07,3,Dairy,879
2024-01-07,3,Meat,3190
2024-01-07,3,Packaged,2781
2024-01-07,4,Produce,1684
2024-01-07,4,Dairy,1426
2024-01-07,4,Meat,2485
2024-01-07,4,Packaged,3545
2024-01-07,5,Produce,3153
2024-01-07,5,Dairy,919
2024-01-07,5,Meat,3977
2024-01-07,5,Packaged,2655
2024-01-07,6,Produce,876
2024-01-07,6,Dairy,475
2024-01-07,6,Meat,1463
2024-01-07,6,Packaged,1761
2024-01-07,7,Produce,1945
2024-01-07,7,Dairy,1136
2024-01-07,7,Meat,2161
2024-01-07,7,Packaged,2895
2024-01-07,8,Produce,1371
2024-01-07,8,Dairy,1868
2024-01-07,8,Meat,2288
2024-01-07,8,Packaged,3727
2024-01-08,1,Produce,2281
2024-01-08,1,Dairy,966
2024-01-08,1,Meat,3187
2024-01-08,1,Packaged,3841
2024-01-08,2,Produce,2075
2024-01-08,2,Dairy,1038
2024-01-08,2,Meat,2393
2024-01-08,2,Packaged,3304
2024-01-08,3,Produce,2563
2024-01-08,3,Dairy,1099
2024-01-08,3,Meat,3263
2024-01-08,3,Packaged,5007
2024-01-08,4,Produce,1063
2024-01-08,4,Dairy,1447
2024-01-08,4,Meat,2115
2024-01-08,4,Packaged,3185
2024-01-08,5,Produce,1250
2024-01-08,5,Dairy,1421
2024-01-08,5,Meat,3530
2024-01-08,5,Packaged,4405
2024-01-08,6,Produce,987
2024-01-08,6,Dairy,1095
2024-01-08,6,Meat,1567
2024-01-08,6,Packaged,2798
2024-01-08,7,Produce,1711
2024-01-08,7,Dairy,789
2024-01-08,7,Meat,1339
2024-01-08,7,Packaged,2409
2024-01-08,8,Produce,1575
2024-01-08,8,Dairy,995
2024-01-08,8,Meat,1417
2024-01-08,8,Packaged,2561
2024-01-09,1,Produce,2196
2024-01-09,1,Dairy,893
2024-01-09,1,Meat,1727
2024-01-09,1,Packaged,2552
2024-01-09,2,Produce,1233
2024-01-09,2,Dairy,1163
2024-01-09,2,Meat,1859
2024-01-09,2,Packaged,2774
2024-01-09,3,Produce,1436
2024-01-09,3,Dairy,1186
2024-01-09,3,Meat,2819
2024-01-09,3,Packaged,2287
2024-01-09,4,Produce,667
2024-01-09,4,Dairy,1414
2024-01-09,4,Meat,2489
2024-01-09,4,Packaged,2961
2024-01-09,5,Produce,1693
2024-01-09,5,Dairy,782
2024-01-09,5,Meat,2755
2024-01-09,5,Packaged,4827
2024-01-09,6,Produce,1203
2024-01-09,6,Dairy,943
2024-01-09,6,Meat,1050
2024-01-09,6,Packaged,1575
2024-01-09,7,Produce,2384
2024-01-09,7,Dairy,1280
2024-01-09,7,Meat,3412
2024-01-09,7,Packaged,2650
2024-01-09,8,Produce,821
2024-01-09,8,Dairy,1539
2024-01-09,8,Meat,1826
2024-01-09,8,Packaged,2820
2024-01-10,1,Produce,2040
2024-01-10,1,Dairy,1589
2024-01-10,1,Meat,2428
2024-01-10,1,Packaged,1540
2024-01-10,2,Produce,1349
2024-01-10,2,Dairy,1272
2024-01-10,2,Meat,1182
2024-01-10,2,Packaged,2621
2024-01-10,3,Produce,2266
2024-01-10,3,Dairy,1478
2024-01-10,3,Meat,1968
2024-01-10,3,Packaged,4115
2024-01-10,4,Produce,1014
2024-01-10,4,Dairy,1012
2024-01-10,4,Meat,2518
2024-01-10,4,Packaged,2797
2024-01-10,5,Produce,1399
2024-01-10,5,Dairy,1585
2024-01-10,5,Meat,3189
2024-01-10,5,Packaged,2887
2024-01-10,6,Produce,631
2024-01-10,6,Dairy,764
2024-01-10,6,Meat,1729
2024-01-10,6,Packaged,1471
2024-01-10,7,Produce,1749
2024-01-10,7,Dairy,846
2024-01-10,7,Meat,1622
2024-01-10,7,Packaged,2742
2024-01-10,8,Produce,2100
2024-01-10,8,Dairy,1079
2024-01-10,8,Meat,2346
2024-01-10,8,Packaged,1442
2024-01-11,1,Produce,1733
2024-01-11,1,Dairy,1348
2024-01-11,1,Meat,2324
2024-01-11,1,Packaged,1775
2024-01-11,2,Produce,1383
2024-01-11,2,Dairy,1223
2024-01-11,2,Meat,1909
2024-01-11,2,Packaged,1966
2024-01-11,3,Produce,2390
2024-01-11,3,Dairy,847
2024-01-11,3,Meat,2503
2024-01-11,3,Packaged,3599
2024-01-11,4,Produce,879
2024-01-11,4,Dairy,1010
2024-01-11,4,Meat,1798
2024-01-11,4,Packaged,2403
2024-01-11,5,Produce,1927
2024-01-11,5,Dairy,2220
2024-01-11,5,Meat,1572
2024-01-11,5,Packaged,3422
2024-01-11,6,Produce,666
2024-01-11,6,Dairy,980
2024-01-11,6,Meat,1639
2024-01-11,6,Packaged,1467
2024-01-11,7,Produce,1797
2024-01-11,7,Dairy,836
2024-01-11,7,Meat,2140
2024-01-11,7,Packaged,2784
2024-01-11,8,Produce,969
2024-01-11,8,Dairy,551
2024-01-11,8,Meat,1106
2024-01-11,8,Packaged,3095
2024-01-12,1,Produce,1369
2024-01-12,1,Dairy,575
2024-01-12,1,Meat,2431
2024-01-12,1,Packaged,3184
2024-01-12,2,Produce,1502
2024-01-12,2,Dairy,1116
2024-01-12,2,Meat,1385
2024-01-12,2,Packaged,2417
2024-01-12,3,Produce,2084
2024-01-12,3,Dairy,1341
2024-01-12,3,Meat,3289
2024-01-12,3,Packaged,4645
2024-01-12,4,Produce,1596
2024-01-12,4,Dairy,1138
2024-01-12,4,Meat,1379
2024-01-12,4,Packaged,2528
2024-01-12,5,Produce,1211
2024-01-12,5,Dairy,2250
2024-01-12,5,Meat,3034
2024-01-12,5,Packaged,3520
2024-01-12,6,Produce,1353
2024-01-12,6,Dairy,567
2024-01-12,6,Meat,1789
2024-01-12,6,Packaged,1212
2024-01-12,7,Produce,1916
2024-01-12,7,Dairy,1527
2024-01-12,7,Meat,1178
2024-01-12,7,Packaged,2646
2024-01-12,8,Produce,1031
2024-01-12,8,Dairy,1384
2024-01-12,8,Meat,1283
2024-01-12,8,Packaged,1804
2024-01-13,1,Produce,1057
2024-01-13,1,Dairy,1112
2024-01-13,1,Meat,2452
2024-01-13,1,Packaged,2539
2024-01-13,2,Produce,943
2024-01-13,2,Dairy,1137
2024-01-13,2,Meat,2319
2024-01-13,2,Packaged,2599
2024-01-13,3,Produce,1734
2024-01-13,3,Dairy,1225
2024-01-13,3,Meat,1458
2024-01-13,3,Packaged,3673
2024-01-13,4,Produce,1055
2024-01-13,4,Dairy,535
2024-01-13,4,Meat,2150
2024-01-13,4,Packaged,3110
2024-01-13,5,Produce,1716
2024-01-13,5,Dairy,1079
2024-01-13,5,Meat,1651
2024-01-13,5,Packaged,3566
2024-01-13,6,Produce,1266
2024-01-13,6,Dairy,612
2024-01-13,6,Meat,1328
2024-01-13,6,Packaged,1821
2024-01-13,7,Produce,2641
2024-01-13,7,Dairy,1166
2024-01-13,7,Meat,2817
2024-01-13,7,Packaged,2554
2024-01-13,8,Produce,1359
2024-01-13,8,Dairy,1359
2024-01-13,8,Meat,1142
2024-01-13,8,Packaged,2247
2024-01-14,1,Produce,1154
2024-01-14,1,Dairy,1474
2024-01-14,1,Meat,1920
2024-01-14,1,Packaged,3823
2024-01-14,2,Produce,1911
2024-01-14,2,Dairy,1295
2024-01-14,2,Meat,2376
2024-01-14,2,Packaged,2995
2024-01-14,3,Produce,2519
2024-01-14,3,Dairy,1199
2024-01-14,3,Meat,3946
2024-01-14,3,Packaged,4654
2024-01-14,4,Produce,1174
2024-01-14,4,Dairy,1563
2024-01-14,4,Meat,1706
2024-01-14,4,Packaged,1461
2024-01-14,5,Produce,3284
2024-01-14,5,Dairy,1777
2024-01-14,5,Meat,2254
2024-01-14,5,Packaged,5790
2024-01-14,6,Produce,1391
2024-01-14,6,Dairy,441
2024-01-14,6,Meat,2201
2024-01-14,6,Packaged,1111
2024-01-14,7,Produce,1294
2024-01-14,7,Dairy,1150
2024-01-14,7,Meat,2208
2024-01-14,7,Packaged,2701
2024-01-14,8,Produce,2133
2024-01-14,8,Dairy,1201
2024-01-14,8,Meat,1609
2024-01-14,8,Packaged,4044
2024-01-15,1,Produce,965
2024-01-15,1,Dairy,668
2024-01-15,1,Meat,2645
2024-01-15,1,Packaged,2781
2024-01-15,2,Produce,1655
2024-01-15,2,Dairy,1166
2024-01-15,2,Meat,1241
2024-01-15,2,Packaged,2078
2024-01-15,3,Produce,2574
2024-01-15,3,Dairy,1245
2024-01-15,3,Meat,4088
2024-01-15,3,Packaged,4699
2024-01-15,4,Produce,1115
2024-01-15,4,Dairy,1276
2024-01-15,4,Meat,1916
2024-01-15,4,Packaged,2688
2024-01-15,5,Produce,3163
2024-01-15,5,Dairy,2122
2024-01-15,5,Meat,3132
2024-01-15,5,Packaged,5016
2024-01-15,6,Produce,1382
2024-01-15,6,Dairy,627
2024-01-15,6,Meat,1672
2024-01-15,6,Packaged,1321
2024-01-15,7,Produce,1164
2024-01-15,7,Dairy,1973
2024-01-15,7,Meat,3928
2024-01-15,7,Packaged,2603
2024-01-15,8,Produce,1465
2024-01-15,8,Dairy,703
2024-01-15,8,Meat,3139
2024-01-15,8,Packaged,2210
2024-01-16,1,Produce,2183
2024-01-16,1,Dairy,584
2024-01-16,1,Meat,2573
2024-01-16,1,Packaged,3535
2024-01-16,2,Produce,681
2024-01-16,2,Dairy,1263
2024-01-16,2,Meat,1171
2024-01-16,2,Packaged,2761
2024-01-16,3,Produce,2671
2024-01-16,3,Dairy,1763
2024-01-16,3,Meat,1857
2024-01-16,3,Packaged,2974
2024-01-16,4,Produce,1082
2024-01-16,4,Dairy,1463
2024-01-16,4,Meat,1232
2024-01-16,4,Packaged,2228
2024-01-16,5,Produce,1427
2024-01-16,5,Dairy,2161
2024-01-16,5,Meat,3733
2024-01-16,5,Packaged,2310
2024-01-16,6,Produce,1353
2024-01-16,6,Dairy,939
2024-01-16,6,Meat,1610
2024-01-16,6,Packaged,2176
2024-01-16,7,Produce,1646
2024-01-16,7,Dairy,676
2024-01-16,7,Meat,2432
2024-01-16,7,Packaged,2326
2024-01-16,8,Produce,1505
2024-01-16,8,Dairy,987
2024-01-16,8,Meat,2264
2024-01-16,8,Packaged,1542
2024-01-17,1,Produce,2253
2024-01-17,1,Dairy,658
2024-01-17,1,Meat,2067
2024-01-17,1,Packaged,2865
2024-01-17,2,Produce,634
2024-01-17,2,Dairy,796
2024-01-17,2,Meat,1900
2024-01-17,2,Packaged,1233
2024-01-17,3,Produce,1465
2024-01-17,3,Dairy,1803
2024-01-17,3,Meat,2275
2024-01-17,3,Packaged,2457
2024-01-17,4,Produce,1293
2024-01-17,4,Dairy,602
2024-01-17,4,Meat,1972
2024-01-17,4,Packaged,1535
2024-01-17,5,Produce,2899
2024-01-17,5,Dairy,1048
2024-01-17,5,Meat,3869
2024-01-17,5,Packaged,3270
2024-01-17,6,Produce,1342
2024-01-17,6,Dairy,653
2024-01-17,6,Meat,1898
2024-01-17,6,Packaged,974
2024-01-17,7,Produce,2386
2024-01-17,7,Dairy,1341
2024-01-17,7,Meat,1756
2024-01-17,7,Packaged,2407
2024-01-17,8,Produce,1370
2024-01-17,8,Dairy,548
2024-01-17,8,Meat,2799
2024-01-17,8,Packaged,2573
2024-01-18,1,Produce,1684
2024-01-18,1,Dairy,912
2024-01-18,1,Meat,2305
2024-01-18,1,Packaged,3251
2024-01-18,2,Produce,1693
2024-01-18,2,Dairy,1235
2024-01-18,2,Meat,749
2024-01-18,2,Packaged,1295
2024-01-18,3,Produce,2415
2024-01-18,3,Dairy,1405
2024-01-18,3,Meat,1578
2024-01-18,3,Packaged,4444
2024-01-18,4,Produce,1892
2024-01-18,4,Dairy,1365
2024-01-18,4,Meat,1831
2024-01-18,4,Packaged,1446
2024-01-18,5,Produce,1796
2024-01-18,5,Dairy,1953
2024-01-18,5,Meat,3805
2024-01-18,5,Packaged,4093
2024-01-18,6,Produce,648
2024-01-18,6,Dairy,404
2024-01-18,6,Meat,779
2024-01-18,6,Packaged,1319
2024-01-18,7,Produce,1775
2024-01-18,7,Dairy,1283
2024-01-18,7,Meat,2305
2024-01-18,7,Packaged,1954
2024-01-18,8,Produce,884
2024-01-18,8,Dairy,784
2024-01-18,8,Meat,956
2024-01-18,8,Packaged,2963
2024-01-19,1,Produce,817
2024-01-19,1,Dairy,1156
2024-01-19,1,Meat,1257
2024-01-19,1,Packaged,1463
2024-01-19,2,Produce,1503
2024-01-19,2,Dairy,480
2024-01-19,2,Meat,2218
2024-01-19,2,Packaged,2477
2024-01-19,3,Produce,2459
2024-01-19,3,Dairy,1070
2024-01-19,3,Meat,2694
2024-01-19,3,Packaged,4709
2024-01-19,4,Produce,963
2024-01-19,4,Dairy,1435
2024-01-19,4,Meat,1559
2024-01-19,4,Packaged,2803
2024-01-19,5,Produce,1086
2024-01-19,5,Dairy,1597
2024-01-19,5,Meat,2190
2024-01-19,5,Packaged,3512
2024-01-19,6,Produce,1588
2024-01-19,6,Dairy,966
2024-01-19,6,Meat,796
2024-01-19,6,Packaged,1260
2024-01-19,7,Produce,1053
2024-01-19,7,Dairy,1428
2024-01-19,7,Meat,2138
2024-01-19,7,Packaged,3465
2024-01-19,8,Produce,2078
2024-01-19,8,Dairy,875
2024-01-19,8,Meat,2576
2024-01-19,8,Packaged,2368
2024-01-20,1,Produce,2180
2024-01-20,1,Dairy,1201
2024-01-20,1,Meat,1022
2024-01-20,1,Packaged,2051
2024-01-20,2,Produce,806
2024-01-20,2,Dairy,620
2024-01-20,2,Meat,956
2024-01-20,2,Packaged,2813
2024-01-20,3,Produce,1032
2024-01-20,3,Dairy,711
2024-01-20,3,Meat,1368
2024-01-20,3,Packaged,4157
2024-01-20,4,Produce,1667
2024-01-20,4,Dairy,933
2024-01-20,4,Meat,1100
2024-01-20,4,Packaged,2139
2024-01-20,5,Produce,1782
2024-01-20,5,Dairy,1494
2024-01-20,5,Meat,2808
2024-01-20,5,Packaged,4326
2024-01-20,6,Produce,1039
2024-01-20,6,Dairy,1077
2024-01-20,6,Meat,1254
2024-01-20,6,Packaged,1982
2024-01-20,7,Produce,2093
2024-01-20,7,Dairy,1657
2024-01-20,7,Meat,3337
2024-01-20,7,Packaged,1912
2024-01-20,8,Produce,928
2024-01-20,8,Dairy,1433
2024-01-20,8,Meat,1397
2024-01-20,8,Packaged,2617
2024-01-21,1,Produce,2611
2024-01-21,1,Dairy,1781
2024-01-21,1,Meat,2868
2024-01-21,1,Packaged,1774
2024-01-21,2,Produce,2001
2024-01-21,2,Dairy,884
2024-01-21,2,Meat,2650
2024-01-21,2,Packaged,1857
2024-01-21,3,Produce,2787
2024-01-21,3,Dairy,1879
2024-01-21,3,Meat,3380
2024-01-21,3,Packaged,5438
2024-01-21,4,Produce,1271
2024-01-21,4,Dairy,1286
2024-01-21,4,Meat,1932
2024-01-21,4,Packaged,1783
2024-01-21,5,Produce,3227
2024-01-21,5,Dairy,2576
2024-01-21,5,Meat,2231
2024-01-21,5,Packaged,5185
2024-01-21,6,Produce,1156
2024-01-21,6,Dairy,958
2024-01-21,6,Meat,2062
2024-01-21,6,Packaged,2453
2024-01-21,7,Produce,1093
2024-01-21,7,Dairy,946
2024-01-21,7,Meat,3060
2024-01-21,7,Packaged,2222
2024-01-21,8,Produce,2504
2024-01-21,8,Dairy,695
2024-01-21,8,Meat,2286
2024-01-21,8,Packaged,3873
2024-01-22,1,Produce,1362
2024-01-22,1,Dairy,1055
2024-01-22,1,Meat,2588
2024-01-22,1,Packaged,3530
2024-01-22,2,Produce,1374
2024-01-22,2,Dairy,1494
2024-01-22,2,Meat,2041
2024-01-22,2,Packaged,1793
2024-01-22,3,Produce,2137
2024-01-22,3,Dairy,2019
2024-01-22,3,Meat,3851
2024-01-22,3,Packaged,2067
2024-01-22,4,Produce,1321
2024-01-22,4,Dairy,994
2024-01-22,4,Meat,2208
2024-01-22,4,Packaged,1949
2024-01-22,5,Produce,1753
2024-01-22,5,Dairy,1393
2024-01-22,5,Meat,4646
2024-01-22,5,Packaged,3207
2024-01-22,6,Produce,1489
2024-01-22,6,Dairy,842
2024-01-22,6,Meat,1080
2024-01-22,6,Packaged,1680
2024-01-22,7,Produce,2200
2024-01-22,7,Dairy,1355
2024-01-22,7,Meat,1348
2024-01-22,7,Packaged,4777
2024-01-22,8,Produce,2541
2024-01-22,8,Dairy,1855
2024-01-22,8,Meat,2829
2024-01-22,8,Packaged,2871
2024-01-23,1,Produce,1152
2024-01-23,1,Dairy,718
2024-01-23,1,Meat,2489
2024-01-23,1,Packaged,3281
2024-01-23,2,Produce,835
2024-01-23,2,Dairy,1174
2024-01-23,2,Meat,1987
2024-01-23,2,Packaged,1659
2024-01-23,3,Produce,1663
2024-01-23,3,Dairy,1647
2024-01-23,3,Meat,2165
2024-01-23,3,Packaged,3101
2024-01-23,4,Produce,1720
2024-01-23,4,Dairy,1290
2024-01-23,4,Meat,1400
2024-01-23,4,Packaged,2970
2024-01-23,5,Produce,1725
2024-01-23,5,Dairy,2295
2024-01-23,5,Meat,2821
2024-01-23,5,Packaged,2286
2024-01-23,6,Produce,1223
2024-01-23,6,Dairy,775
2024-01-23,6,Meat,1200
2024-01-23,6,Packaged,2188
2024-01-23,7,Produce,2170
2024-01-23,7,Dairy,1906
2024-01-23,7,Meat,2425
2024-01-23,7,Packaged,3552
2024-01-23,8,Produce,1477
2024-01-23,8,Dairy,1016
2024-01-23,8,Meat,1968
2024-01-23,8,Packaged,3133
2024-01-24,1,Produce,1430
2024-01-24,1,Dairy,1118
2024-01-24,1,Meat,2443
2024-01-24,1,Packaged,2072
2024-01-24,2,Produce,1449
2024-01-24,2,Dairy,1228
2024-01-24,2,Meat,2014
2024-01-24,2,Packaged,2835
2024-01-24,3,Produce,2266
2024-01-24,3,Dairy,1581
2024-01-24,3,Meat,2549
2024-01-24,3,Packaged,3000
2024-01-24,4,Produce,1582
2024-01-24,4,Dairy,1308
2024-01-24,4,Meat,920
2024-01-24,4,Packaged,1323
2024-01-24,5,Produce,1936
2024-01-24,5,Dairy,942
2024-01-24,5,Meat,1602
2024-01-24,5,Packaged,3549
2024-01-24,6,Produce,1357
2024-01-24,6,Dairy,1028
2024-01-24,6,Meat,1264
2024-01-24,6,Packaged,1380
2024-01-24,7,Produce,1713
2024-01-24,7,Dairy,941
2024-01-24,7,Meat,1700
2024-01-24,7,Packaged,2237
2024-01-24,8,Produce,1408
2024-01-24,8,Dairy,1338
2024-01-24,8,Meat,2542
2024-01-24,8,Packaged,1691
2024-01-25,1,Produce,1596
2024-01-25,1,Dairy,687
2024-01-25,1,Meat,2148
2024-01-25,1,Packaged,3314
2024-01-25,2,Produce,820
2024-01-25,2,Dairy,1023
2024-01-25,2,Meat,1110
2024-01-25,2,Packaged,1294
2024-01-25,3,Produce,2045
2024-01-25,3,Dairy,1495
2024-01-25,3,Meat,1212
2024-01-25,3,Packaged,4486
2024-01-25,4,Produce,904
2024-01-25,4,Dairy,1373
2024-01-25,4,Meat,1452
2024-01-25,4,Packaged,2860
2024-01-25,5,Produce,2634
2024-01-25,5,Dairy,1601
2024-01-25,5,Meat,2210
2024-01-25,5,Packaged,3146
2024-01-25,6,Produce,1313
2024-01-25,6,Dairy,740
2024-01-25,6,Meat,1465
2024-01-25,6,Packaged,2113
2024-01-25,7,Produce,2363
2024-01-25,7,Dairy,934
2024-01-25,7,Meat,2474
2024-01-25,7,Packaged,3815
2024-01-25,8,Produce,887
2024-01-25,8,Dairy,1305
2024-01-25,8,Meat,2899
2024-01-25,8,Packaged,2109
2024-01-26,1,Produce,1446
2024-01-26,1,Dairy,1380
2024-01-26,1,Meat,2040
2024-01-26,1,Packaged,1985
2024-01-26,2,Produce,990
2024-01-26,2,Dairy,1008
2024-01-26,2,Meat,1051
2024-01-26,2,Packaged,2091
2024-01-26,3,Produce,2854
2024-01-26,3,Dairy,1105
2024-01-26,3,Meat,1362
2024-01-26,3,Packaged,3261
2024-01-26,4,Produce,712
2024-01-26,4,Dairy,737
2024-01-26,4,Meat,845
2024-01-26,4,Packaged,1726
2024-01-26,5,Produce,2077
2024-01-26,5,Dairy,2189
2024-01-26,5,Meat,1606
2024-01-26,5,Packaged,4462
2024-01-26,6,Produce,937
2024-01-26,6,Dairy,1083
2024-01-26,6,Meat,974
2024-01-26,6,Packaged,1222
2024-01-26,7,Produce,1383
2024-01-26,7,Dairy,1123
2024-01-26,7,Meat,2222
2024-01-26,7,Packaged,1664
2024-01-26,8,Produce,1758
2024-01-26,8,Dairy,986
2024-01-26,8,Meat,1502
2024-01-26,8,Packaged,3455
2024-01-27,1,Produce,1656
2024-01-27,1,Dairy,941
2024-01-27,1,Meat,1870
2024-01-27,1,Packaged,3533
2024-01-27,2,Produce,905
2024-01-27,2,Dairy,1018
2024-01-27,2,Meat,1803
2024-01-27,2,Packaged,2083
2024-01-27,3,Produce,2544
2024-01-27,3,Dairy,2079
2024-01-27,3,Meat,3271
2024-01-27,3,Packaged,4614
2024-01-27,4,Produce,761
2024-01-27,4,Dairy,648
2024-01-27,4,Meat,2493
2024-01-27,4,Packaged,1876
2024-01-27,5,Produce,1351
2024-01-27,5,Dairy,817
2024-01-27,5,Meat,1604
2024-01-27,5,Packaged,3049
2024-01-27,6,Produce,592
2024-01-27,6,Dairy,1076
2024-01-27,6,Meat,1050
2024-01-27,6,Packaged,2427
2024-01-27,7,Produce,1122
2024-01-27,7,Dairy,1972
2024-01-27,7,Meat,1605
2024-01-27,7,Packaged,4267
2024-01-27,8,Produce,851
2024-01-27,8,Dairy,1404
2024-01-27,8,Meat,2900
2024-01-27,8,Packaged,2862
2024-01-28,1,Produce,2066
2024-01-28,1,Dairy,1519
2024-01-28,1,Meat,3092
2024-01-28,1,Packaged,3763
2024-01-28,2,Produce,1038
2024-01-28,2,Dairy,1120
2024-01-28,2,Meat,2454
2024-01-28,2,Packaged,1751
2024-01-28,3,Produce,1734
2024-01-28,3,Dairy,1418
2024-01-28,3,Meat,1570
2024-01-28,3,Packaged,5188
2024-01-28,4,Produce,831
2024-01-28,4,Dairy,1107
2024-01-28,4,Meat,1792
2024-01-28,4,Packaged,3432
2024-01-28,5,Produce,3303
2024-01-28,5,Dairy,1092
2024-01-28,5,Meat,1583
2024-01-28,5,Packaged,4883
2024-01-28,6,Produce,1248
2024-01-28,6,Dairy,1018
2024-01-28,6,Meat,1385
2024-01-28,6,Packaged,2200
2024-01-28,7,Produce,1172
2024-01-28,7,Dairy,2082
2024-01-28,7,Meat,2910
2024-01-28,7,Packaged,4327
2024-01-28,8,Produce,1487
2024-01-28,8,Dairy,887
2024-01-28,8,Meat,2192
2024-01-28,8,Packaged,3082
2024-01-29,1,Produce,2188
2024-01-29,1,Dairy,730
2024-01-29,1,Meat,2284
2024-01-29,1,Packaged,2912
2024-01-29,2,Produce,1325
2024-01-29,2,Dairy,1177
2024-01-29,2,Meat,1055
2024-01-29,2,Packaged,1401
2024-01-29,3,Produce,1646
2024-01-29,3,Dairy,1495
2024-01-29,3,Meat,3208
2024-01-29,3,Packaged,2611
2024-01-29,4,Produce,795
2024-01-29,4,Dairy,1267
2024-01-29,4,Meat,1989
2024-01-29,4,Packaged,2640
2024-01-29,5,Produce,2756
2024-01-29,5,Dairy,2126
2024-01-29,5,Meat,3295
2024-01-29,5,Packaged,4800
2024-01-29,6,Produce,1174
2024-01-29,6,Dairy,522
2024-01-29,6,Meat,1713
2024-01-29,6,Packaged,1539
2024-01-29,7,Produce,1816
2024-01-29,7,Dairy,2153
2024-01-29,7,Meat,1341
2024-01-29,7,Packaged,4304
2024-01-29,8,Produce,1199
2024-01-29,8,Dairy,1267
2024-01-29,8,Meat,1320
2024-01-29,8,Packaged,2252
2024-01-30,1,Produce,1799
2024-01-30,1,Dairy,1209
2024-01-30,1,Meat,963
2024-01-30,1,Packaged,2781
2024-01-30,2,Produce,620
2024-01-30,2,Dairy,679
2024-01-30,2,Meat,1097
2024-01-30,2,Packaged,2736
2024-01-30,3,Produce,1475
2024-01-30,3,Dairy,733
2024-01-30,3,Meat,3455
2024-01-30,3,Packaged,3974
2024-01-30,4,Produce,1502
2024-01-30,4,Dairy,1248
2024-01-30,4,Meat,1674
2024-01-30,4,Packaged,2410
2024-01-30,5,Produce,3018
2024-01-30,5,Dairy,1419
2024-01-30,5,Meat,1792
2024-01-30,5,Packaged,4037
2024-01-30,6,Produce,1067
2024-01-30,6,Dairy,889
2024-01-30,6,Meat,1484
2024-01-30,6,Packaged,1827
2024-01-30,7,Produce,1695
2024-01-30,7,Dairy,1109
2024-01-30,7,Meat,2797
2024-01-30,7,Packaged,3778
2024-01-30,8,Produce,843
2024-01-30,8,Dairy,1240
2024-01-30,8,Meat,2885
2024-01-30,8,Packaged,3147
2024-01-31,1,Produce,2215
2024-01-31,1,Dairy,1488
2024-01-31,1,Meat,2457
2024-01-31,1,Packaged,1543
2024-01-31,2,Produce,882
2024-01-31,2,Dairy,850
2024-01-31,2,Meat,1403
2024-01-31,2,Packaged,2236
2024-01-31,3,Produce,2759
2024-01-31,3,Dairy,722
2024-01-31,3,Meat,1240
2024-01-31,3,Packaged,4544
2024-01-31,4,Produce,2049
2024-01-31,4,Dairy,870
2024-01-31,4,Meat,2564
2024-01-31,4,Packaged,2448
2024-01-31,5,Produce,2356
2024-01-31,5,Dairy,2116
2024-01-31,5,Meat,3534
2024-01-31,5,Packaged,2984
2024-01-31,6,Produce,1475
2024-01-31,6,Dairy,736
2024-01-31,6,Meat,1995
2024-01-31,6,Packaged,1611
2024-01-31,7,Produce,2321
2024-01-31,7,Dairy,1247
2024-01-31,7,Meat,1772
2024-01-31,7,Packaged,3485
2024-01-31,8,Produce,1100
2024-01-31,8,Dairy,967
2024-01-31,8,Meat,2756
2024-01-31,8,Packaged,1394
2024-02-01,1,Produce,1275
2024-02-01,1,Dairy,564
2024-02-01,1,Meat,1428
2024-02-01,1,Packaged,1979
2024-02-01,2,Produce,723
2024-02-01,2,Dairy,1147
2024-02-01,2,Meat,1716
2024-02-01,2,Packaged,2457
2024-02-01,3,Produce,2765
2024-02-01,3,Dairy,1960
2024-02-01,3,Meat,1686
2024-02-01,3,Packaged,4248
2024-02-01,4,Produce,1628
2024-02-01,4,Dairy,906
2024-02-01,4,Meat,1076
2024-02-01,4,Packaged,1796
2024-02-01,5,Produce,1601
2024-02-01,5,Dairy,1344
2024-02-01,5,Meat,3139
2024-02-01,5,Packaged,3876
2024-02-01,6,Produce,1585
2024-02-01,6,Dairy,779
2024-02-01,6,Meat,1256
2024-02-01,6,Packaged,2115
2024-02-01,7,Produce,885
2024-02-01,7,Dairy,1432
2024-02-01,7,Meat,2500
2024-02-01,7,Packaged,3440
2024-02-01,8,Produce,2145
2024-02-01,8,Dairy,1256
2024-02-01,8,Meat,1164
2024-02-01,8,Packaged,1411
2024-02-02,1,Produce,1772
2024-02-02,1,Dairy,622
2024-02-02,1,Meat,1694
2024-02-02,1,Packaged,3549
2024-02-02,2,Produce,1644
2024-02-02,2,Dairy,1050
2024-02-02,2,Meat,2146
2024-02-02,2,Packaged,2194
2024-02-02,3,Produce,1395
2024-02-02,3,Dairy,1644
2024-02-02,3,Meat,1244
2024-02-02,3,Packaged,1926
2024-02-02,4,Produce,1455
2024-02-02,4,Dairy,844
2024-02-02,4,Meat,939
2024-02-02,4,Packaged,2023
2024-02-02,5,Produce,1247
2024-02-02,5,Dairy,1156
2024-02-02,5,Meat,1288
2024-02-02,5,Packaged,2358
2024-02-02,6,Produce,848
2024-02-02,6,Dairy,579
2024-02-02,6,Meat,1646
2024-02-02,6,Packaged,2160
2024-02-02,7,Produce,1707
2024-02-02,7,Dairy,1749
2024-02-02,7,Meat,1932
2024-02-02,7,Packaged,3128
2024-02-02,8,Produce,1943
2024-02-02,8,Dairy,1605
2024-02-02,8,Meat,2522
2024-02-02,8,Packaged,1871
2024-02-03,1,Produce,2261
2024-02-03,1,Dairy,1646
2024-02-03,1,Meat,2714
2024-02-03,1,Packaged,3589
2024-02-03,2,Produce,1708
2024-02-03,2,Dairy,1055
2024-02-03,2,Meat,1251
2024-02-03,2,Packaged,2714
2024-02-03,3,Produce,1556
2024-02-03,3,Dairy,2036
2024-02-03,3,Meat,3440
2024-02-03,3,Packaged,2462
2024-02-03,4,Produce,1334
2024-02-03,4,Dairy,1465
2024-02-03,4,Meat,1956
2024-02-03,4,Packaged,1977
2024-02-03,5,Produce,3007
2024-02-03,5,Dairy,2148
2024-02-03,5,Meat,2174
2024-02-03,5,Packaged,4572
2024-02-03,6,Produce,1064
2024-02-03,6,Dairy,440
2024-02-03,6,Meat,1320
2024-02-03,6,Packaged,1924
2024-02-03,7,Produce,2164
2024-02-03,7,Dairy,1668
2024-02-03,7,Meat,2832
2024-02-03,7,Packaged,1776
2024-02-03,8,Produce,2099
2024-02-03,8,Dairy,1334
2024-02-03,8,Meat,961
2024-02-03,8,Packaged,2929
2024-02-04,1,Produce,2399
2024-02-04,1,Dairy,957
2024-02-04,1,Meat,3320
2024-02-04,1,Packaged,2944
2024-02-04,2,Produce,1869
2024-02-04,2,Dairy,1325
2024-02-04,2,Meat,1716
2024-02-04,2,Packaged,3330
2024-02-04,3,Produce,1806
2024-02-04,3,Dairy,828
2024-02-04,3,Meat,2091
2024-02-04,3,Packaged,2486
2024-02-04,4,Produce,1023
2024-02-04,4,Dairy,579
2024-02-04,4,Meat,2343
2024-02-04,4,Packaged,3510
2024-02-04,5,Produce,1313
2024-02-04,5,Dairy,1502
2024-02-04,5,Meat,2541
2024-02-04,5,Packaged,5329
2024-02-04,6,Produce,1744
2024-02-04,6,Dairy,1173
2024-02-04,6,Meat,1800
2024-02-04,6,Packaged,2163
2024-02-04,7,Produce,2571
2024-02-04,7,Dairy,1818
2024-02-04,7,Meat,3429
2024-02-04,7,Packaged,2161
2024-02-04,8,Produce,1847
2024-02-04,8,Dairy,1341
2024-02-04,8,Meat,3181
2024-02-04,8,Packaged,2319
2024-02-05,1,Produce,2372
2024-02-05,1,Dairy,1298
2024-02-05,1,Meat,1404
2024-02-05,1,Packaged,3598
2024-02-05,2,Produce,2066
2024-02-05,2,Dairy,788
2024-02-05,2,Meat,1337
2024-02-05,2,Packaged,2294
2024-02-05,3,Produce,1580
2024-02-05,3,Dairy,1385
2024-02-05,3,Meat,1904
2024-02-05,3,Packaged,5075
2024-02-05,4,Produce,1564
2024-02-05,4,Dairy,947
2024-02-05,4,Meat,2087
2024-02-05,4,Packaged,3665
2024-02-05,5,Produce,1487
2024-02-05,5,Dairy,2228
2024-02-05,5,Meat,3604
2024-02-05,5,Packaged,2542
2024-02-05,6,Produce,1360
2024-02-05,6,Dairy,1158
2024-02-05,6,Meat,1329
2024-02-05,6,Packaged,1708
2024-02-05,7,Produce,2079
2024-02-05,7,Dairy,1371
2024-02-05,7,Meat,2886
2024-02-05,7,Packaged,3382
2024-02-05,8,Produce,2176
2024-02-05,8,Dairy,1731
2024-02-05,8,Meat,2056
2024-02-05,8,Packaged,3215
2024-02-06,1,Produce,1932
2024-02-06,1,Dairy,1170
2024-02-06,1,Meat,1490
2024-02-06,1,Packaged,2415
2024-02-06,2,Produce,1538
2024-02-06,2,Dairy,537
2024-02-06,2,Meat,993
2024-02-06,2,Packaged,2027
2024-02-06,3,Produce,1301
2024-02-06,3,Dairy,1798
2024-02-06,3,Meat,2018
2024-02-06,3,Packaged,3089
2024-02-06,4,Produce,1925
2024-02-06,4,Dairy,1305
2024-02-06,4,Meat,1099
2024-02-06,4,Packaged,2920
2024-02-06,5,Produce,1102
2024-02-06,5,Dairy,1960
2024-02-06,5,Meat,2207
2024-02-06,5,Packaged,2841
2024-02-06,6,Produce,1544
2024-02-06,6,Dairy,961
2024-02-06,6,Meat,896
2024-02-06,6,Packaged,1734
2024-02-06,7,Produce,2531
2024-02-06,7,Dairy,1766
2024-02-06,7,Meat,2250
2024-02-06,7,Packaged,3419
2024-02-06,8,Produce,2106
2024-02-06,8,Dairy,1415
2024-02-06,8,Meat,2944
2024-02-06,8,Packaged,1746
2024-02-07,1,Produce,1989
2024-02-07,1,Dairy,825
2024-02-07,1,Meat,2693
2024-02-07,1,Packaged,1934
2024-02-07,2,Produce,1340
2024-02-07,2,Dairy,1231
2024-02-07,2,Meat,2119
2024-02-07,2,Packaged,1674
2024-02-07,3,Produce,2870
2024-02-07,3,Dairy,1367
2024-02-07,3,Meat,2791
2024-02-07,3,Packaged,3432
2024-02-07,4,Produce,1508
2024-02-07,4,Dairy,773
2024-02-07,4,Meat,1708
2024-02-07,4,Packaged,1873
2024-02-07,5,Produce,2583
2024-02-07,5,Dairy,2044
2024-02-07,5,Meat,3811
2024-02-07,5,Packaged,3779
2024-02-07,6,Produce,1517
2024-02-07,6,Dairy,872
2024-02-07,6,Meat,1428
2024-02-07,6,Packaged,1259
2024-02-07,7,Produce,1271
2024-02-07,7,Dairy,936
2024-02-07,7,Meat,1952
2024-02-07,7,Packaged,3630
2024-02-07,8,Produce,2057
2024-02-07,8,Dairy,1285
2024-02-07,8,Meat,2331
2024-02-07,8,Packaged,1488
2024-02-08,1,Produce,1871
2024-02-08,1,Dairy,798
2024-02-08,1,Meat,2829
2024-02-08,1,Packaged,2542
2024-02-08,2,Produce,594
2024-02-08,2,Dairy,728
2024-02-08,2,Meat,918
2024-02-08,2,Packaged,1360
2024-02-08,3,Produce,1162
2024-02-08,3,Dairy,1240
2024-02-08,3,Meat,3647
2024-02-08,3,Packaged,3133
2024-02-08,4,Produce,1726
2024-02-08,4,Dairy,787
2024-02-08,4,Meat,1316
2024-02-08,4,Packaged,1336
2024-02-08,5,Produce,1447
2024-02-08,5,Dairy,1644
2024-02-08,5,Meat,2904
2024-02-08,5,Packaged,3448
2024-02-08,6,Produce,1396
2024-02-08,6,Dairy,777
2024-02-08,6,Meat,1439
2024-02-08,6,Packaged,1536
2024-02-08,7,Produce,1758
2024-02-08,7,Dairy,718
2024-02-08,7,Meat,3103
2024-02-08,7,Packaged,2602
2024-02-08,8,Produce,1972
2024-02-08,8,Dairy,826
2024-02-08,8,Meat,1130
2024-02-08,8,Packaged,3134
2024-02-09,1,Produce,1288
2024-02-09,1,Dairy,1206
2024-02-09,1,Meat,1815
2024-02-09,1,Packaged,1952
2024-02-09,2,Produce,1083
2024-02-09,2,Dairy,586
2024-02-09,2,Meat,1397
2024-02-09,2,Packaged,2397
2024-02-09,3,Produce,1957
2024-02-09,3,Dairy,2157
2024-02-09,3,Meat,1762
2024-02-09,3,Packaged,4456
2024-02-09,4,Produce,1104
2024-02-09,4,Dairy,1216
2024-02-09,4,Meat,979
2024-02-09,4,Packaged,2452
2024-02-09,5,Produce,2359
2024-02-09,5,Dairy,929
2024-02-09,5,Meat,3112
2024-02-09,5,Packaged,4953
2024-02-09,6,Produce,755
2024-02-09,6,Dairy,883
2024-02-09,6,Meat,1766
2024-02-09,6,Packaged,1123
2024-02-09,7,Produce,1031
2024-02-09,7,Dairy,1486
2024-02-09,7,Meat,1337
2024-02-09,7,Packaged,3651
2024-02-09,8,Produce,2179
2024-02-09,8,Dairy,708
2024-02-09,8,Meat,2422
2024-02-09,8,Packaged,2838
2024-02-10,1,Produce,2238
2024-02-10,1,Dairy,1297
2024-02-10,1,Meat,1745
2024-02-10,1,Packaged,3278
2024-02-10,2,Produce,1257
2024-02-10,2,Dairy,1249
2024-02-10,2,Meat,1386
2024-02-10,2,Packaged,1555
2024-02-10,3,Produce,2487
2024-02-10,3,Dairy,2149
2024-02-10,3,Meat,2254
2024-02-10,3,Packaged,4095
2024-02-10,4,Produce,781
2024-02-10,4,Dairy,1381
2024-02-10,4,Meat,1446
2024-02-10,4,Packaged,1665
2024-02-10,5,Produce,2000
2024-02-10,5,Dairy,2000
2024-02-10,5,Meat,2856
2024-02-10,5,Packaged,4190
2024-02-10,6,Produce,1450
2024-02-10,6,Dairy,424
2024-02-10,6,Meat,1038
2024-02-10,6,Packaged,1315
2024-02-10,7,Produce,1625
2024-02-10,7,Dairy,1221
2024-02-10,7,Meat,2748
2024-02-10,7,Packaged,3492
2024-02-10,8,Produce,1082
2024-02-10,8,Dairy,629
2024-02-10,8,Meat,2259
2024-02-10,8,Packaged,3382
2024-02-11,1,Produce,1011
2024-02-11,1,Dairy,1011
2024-02-11,1,Meat,1694
2024-02-11,1,Packaged,2475
2024-02-11,2,Produce,1122
2024-02-11,2,Dairy,1435
2024-02-11,2,Meat,2139
2024-02-11,2,Packaged,2101
2024-02-11,3,Produce,3274
2024-02-11,3,Dairy,905
2024-02-11,3,Meat,4100
2024-02-11,3,Packaged,3449
2024-02-11,4,Produce,1814
2024-02-11,4,Dairy,1355
2024-02-11,4,Meat,1427
2024-02-11,4,Packaged,3676
2024-02-11,5,Produce,2042
2024-02-11,5,Dairy,1424
2024-02-11,5,Meat,3854
2024-02-11,5,Packaged,3081
2024-02-11,6,Produce,1850
2024-02-11,6,Dairy,791
2024-02-11,6,Meat,1402
2024-02-11,6,Packaged,2308
2024-02-11,7,Produce,1261
2024-02-11,7,Dairy,943
2024-02-11,7,Meat,3380
2024-02-11,7,Packaged,2472
2024-02-11,8,Produce,1310
2024-02-11,8,Dairy,678
2024-02-11,8,Meat,3360
2024-02-11,8,Packaged,3786
2024-02-12,1,Produce,1076
2024-02-12,1,Dairy,1658
2024-02-12,1,Meat,1431
2024-02-12,1,Packaged,1940
2024-02-12,2,Produce,810
2024-02-12,2,Dairy,525
2024-02-12,2,Meat,1946
2024-02-12,2,Packaged,1351
2024-02-12,3,Produce,2085
2024-02-12,3,Dairy,1095
2024-02-12,3,Meat,3033
2024-02-12,3,Packaged,4552
2024-02-12,4,Produce,1388
2024-02-12,4,Dairy,1152
2024-02-12,4,Meat,2437
2024-02-12,4,Packaged,3544
2024-02-12,5,Produce,2073
2024-02-12,5,Dairy,2418
2024-02-12,5,Meat,4314
2024-02-12,5,Packaged,5508
2024-02-12,6,Produce,1232
2024-02-12,6,Dairy,910
2024-02-12,6,Meat,1411
2024-02-12,6,Packaged,2189
2024-02-12,7,Produce,3038
2024-02-12,7,Dairy,1977
2024-02-12,7,Meat,1315
2024-02-12,7,Packaged,4171
2024-02-12,8,Produce,1868
2024-02-12,8,Dairy,1107
2024-02-12,8,Meat,3193
2024-02-12,8,Packaged,3124
2024-02-13,1,Produce,2103
2024-02-13,1,Dairy,1556
2024-02-13,1,Meat,2557
2024-02-13,1,Packaged,2966
2024-02-13,2,Produce,1434
2024-02-13,2,Dairy,539
2024-02-13,2,Meat,2312
2024-02-13,2,Packaged,2580
2024-02-13,3,Produce,1958
2024-02-13,3,Dairy,1970
2024-02-13,3,Meat,3099
2024-02-13,3,Packaged,1895
2024-02-13,4,Produce,1560
2024-02-13,4,Dairy,1193
2024-02-13,4,Meat,2350
2024-02-13,4,Packaged,1913
2024-02-13,5,Produce,1657
2024-02-13,5,Dairy,1498
2024-02-13,5,Meat,3672
2024-02-13,5,Packaged,3766
2024-02-13,6,Produce,1229
2024-02-13,6,Dairy,723
2024-02-13,6,Meat,1990
2024-02-13,6,Packaged,1119
2024-02-13,7,Produce,1077
2024-02-13,7,Dairy,1034
2024-02-13,7,Meat,2616
2024-02-13,7,Packaged,2151
2024-02-13,8,Produce,743
2024-02-13,8,Dairy,1014
2024-02-13,8,Meat,1257
2024-02-13,8,Packaged,2318
2024-02-14,1,Produce,2080
2024-02-14,1,Dairy,1508
2024-02-14,1,Meat,1806
2024-02-14,1,Packaged,2978
2024-02-14,2,Produce,1058
2024-02-14,2,Dairy,884
2024-02-14,2,Meat,1656
2024-02-14,2,Packaged,2931
2024-02-14,3,Produce,2184
2024-02-14,3,Dairy,1406
2024-02-14,3,Meat,1784
2024-02-14,3,Packaged,3008
2024-02-14,4,Produce,1818
2024-02-14,4,Dairy,593
2024-02-14,4,Meat,1830
2024-02-14,4,Packaged,3281
2024-02-14,5,Produce,1770
2024-02-14,5,Dairy,1981
2024-02-14,5,Meat,3865
2024-02-14,5,Packaged,4205
2024-02-14,6,Produce,900
2024-02-14,6,Dairy,1025
2024-02-14,6,Meat,1442
2024-02-14,6,Packaged,1010
2024-02-14,7,Produce,2580
2024-02-14,7,Dairy,1394
2024-02-14,7,Meat,3099
2024-02-14,7,Packaged,3209
2024-02-14,8,Produce,1691
2024-02-14,8,Dairy,1349
2024-02-14,8,Meat,1214
2024-02-14,8,Packaged,1566
2024-02-15,1,Produce,1645
2024-02-15,1,Dairy,683
2024-02-15,1,Meat,2935
2024-02-15,1,Packaged,2936
2024-02-15,2,Produce,846
2024-02-15,2,Dairy,823
2024-02-15,2,Meat,1291
2024-02-15,2,Packaged,2478
2024-02-15,3,Produce,2215
2024-02-15,3,Dairy,910
2024-02-15,3,Meat,2178
2024-02-15,3,Packaged,4422
2024-02-15,4,Produce,1488
2024-02-15,4,Dairy,827
2024-02-15,4,Meat,2433
2024-02-15,4,Packaged,1645
2024-02-15,5,Produce,2409
2024-02-15,5,Dairy,2187
2024-02-15,5,Meat,1732
2024-02-15,5,Packaged,4665
2024-02-15,6,Produce,1380
2024-02-15,6,Dairy,435
2024-02-15,6,Meat,669
2024-02-15,6,Packaged,2186
2024-02-15,7,Produce,2328
2024-02-15,7,Dairy,930
2024-02-15,7,Meat,3467
2024-02-15,7,Packaged,2430
2024-02-15,8,Produce,837
2024-02-15,8,Dairy,1555
2024-02-15,8,Meat,1279
2024-02-15,8,Packaged,2750
2024-02-16,1,Produce,1964
2024-02-16,1,Dairy,1414
2024-02-16,1,Meat,1287
2024-02-16,1,Packaged,2719
2024-02-16,2,Produce,1308
2024-02-16,2,Dairy,765
2024-02-16,2,Meat,1559
2024-02-16,2,Packaged,2329
2024-02-16,3,Produce,1168
2024-02-16,3,Dairy,1556
2024-02-16,3,Meat,1402
2024-02-16,3,Packaged,3611
2024-02-16,4,Produce,1322
2024-02-16,4,Dairy,1477
2024-02-16,4,Meat,943
2024-02-16,4,Packaged,2544
2024-02-16,5,Produce,1117
2024-02-16,5,Dairy,1954
2024-02-16,5,Meat,2637
2024-02-16,5,Packaged,2041
2024-02-16,6,Produce,660
2024-02-16,6,Dairy,1066
2024-02-16,6,Meat,804
2024-02-16,6,Packaged,1841
2024-02-16,7,Produce,1933
2024-02-16,7,Dairy,1309
2024-02-16,7,Meat,2695
2024-02-16,7,Packaged,3555
2024-02-16,8,Produce,1142
2024-02-16,8,Dairy,775
2024-02-16,8,Meat,2786
2024-02-16,8,Packaged,3659
2024-02-17,1,Produce,1958
2024-02-17,1,Dairy,1118
2024-02-17,1,Meat,2027
2024-02-17,1,Packaged,2297
2024-02-17,2,Produce,1481
2024-02-17,2,Dairy,1141
2024-02-17,2,Meat,1705
2024-02-17,2,Packaged,1809
2024-02-17,3,Produce,1642
2024-02-17,3,Dairy,1523
2024-02-17,3,Meat,1217
2024-02-17,3,Packaged,3905
2024-02-17,4,Produce,872
2024-02-17,4,Dairy,1477
2024-02-17,4,Meat,1114
2024-02-17,4,Packaged,2861
2024-02-17,5,Produce,1949
2024-02-17,5,Dairy,2125
2024-02-17,5,Meat,2368
2024-02-17,5,Packaged,2802
2024-02-17,6,Produce,919
2024-02-17,6,Dairy,970
2024-02-17,6,Meat,1882
2024-02-17,6,Packaged,1861
2024-02-17,7,Produce,2142
2024-02-17,7,Dairy,1550
2024-02-17,7,Meat,2736
2024-02-17,7,Packaged,2154
2024-02-17,8,Produce,1786
2024-02-17,8,Dairy,1522
2024-02-17,8,Meat,1800
2024-02-17,8,Packaged,2026
2024-02-18,1,Produce,1111
2024-02-18,1,Dairy,1507
2024-02-18,1,Meat,2980
2024-02-18,1,Packaged,3742
2024-02-18,2,Produce,1853
2024-02-18,2,Dairy,860
2024-02-18,2,Meat,2025
2024-02-18,2,Packaged,2569
2024-02-18,3,Produce,2620
2024-02-18,3,Dairy,1229
2024-02-18,3,Meat,3365
2024-02-18,3,Packaged,3672
2024-02-18,4,Produce,1368
2024-02-18,4,Dairy,1203
2024-02-18,4,Meat,2516
2024-02-18,4,Packaged,2048
2024-02-18,5,Produce,1214
2024-02-18,5,Dairy,2311
2024-02-18,5,Meat,4302
2024-02-18,5,Packaged,3937
2024-02-18,6,Produce,1100
2024-02-18,6,Dairy,851
2024-02-18,6,Meat,1540
2024-02-18,6,Packaged,2629
2024-02-18,7,Produce,1913
2024-02-18,7,Dairy,1542
2024-02-18,7,Meat,2431
2024-02-18,7,Packaged,2320
2024-02-18,8,Produce,1349
2024-02-18,8,Dairy,1613
2024-02-18,8,Meat,2643
2024-02-18,8,Packaged,2290
2024-02-19,1,Produce,1821
2024-02-19,1,Dairy,901
2024-02-19,1,Meat,2031
2024-02-19,1,Packaged,1839
2024-02-19,2,Produce,945
2024-02-19,2,Dairy,1162
2024-02-19,2,Meat,1032
2024-02-19,2,Packaged,1945
2024-02-19,3,Produce,1227
2024-02-19,3,Dairy,1507
2024-02-19,3,Meat,2038
2024-02-19,3,Packaged,5274
2024-02-19,4,Produce,1212
2024-02-19,4,Dairy,1562
2024-02-19,4,Meat,2629
2024-02-19,4,Packaged,3753
2024-02-19,5,Produce,2709
2024-02-19,5,Dairy,2419
2024-02-19,5,Meat,2425
2024-02-19,5,Packaged,3495
2024-02-19,6,Produce,1132
2024-02-19,6,Dairy,1043
2024-02-19,6,Meat,1062